timestamp,style_group_id,status,parent_id,parent_title,child_ids,child_handles,message
2026-09-04T06:08:26.695Z,MIM-T-aria-bowler-bag,CREATED,gid://shopify/Product/7986413699162,Aria Bowler Bag,gid://shopify/Product/7986198052954|gid://shopify/Product/7986198216794,aria-bowler-bag-60318110-1|aria-bowler-bag-60318113-602,CONSOLIDATED_SOURCE_PARENTS=gid://shopify/Product/7986413699162|gid://shopify/Product/7986413863002 REUSED_PARENT=gid://shopify/Product/7986413699162
2026-09-04T06:08:42.379Z,MIM-T-aura-grab-bag,CREATED,gid://shopify/Product/7986520784986,Aura Grab Bag,gid://shopify/Product/7986475532378|gid://shopify/Product/7986155192410|gid://shopify/Product/7986155356250|gid://shopify/Product/7986158698586|gid://shopify/Product/7986475728986,aura-grab-bag-60312081-126|aura-grab-bag-60312082-178|aura-grab-bag-60312837-240|aura-grab-bag-60300869-1|aura-grab-bag-60300870-291,CONSOLIDATED_SOURCE_PARENTS=gid://shopify/Product/7986381127770|gid://shopify/Product/7986381291610|gid://shopify/Product/7986383323226|gid://shopify/Product/7986520784986|gid://shopify/Product/7986520817754 REUSED_PARENT=gid://shopify/Product/7986520784986
2026-09-04T06:08:48.317Z,MIM-T-bianca-rouched-grab-bag,CREATED,gid://shopify/Product/7986381750362,Bianca Rouched Grab Bag,gid://shopify/Product/7986155749466|gid://shopify/Product/7986155421786,bianca-rouched-grab-bag-60312086-657|bianca-rouched-grab-bag-60312088-1,CONSOLIDATED_SOURCE_PARENTS=gid://shopify/Product/7986381455450|gid://shopify/Product/7986381750362 REUSED_PARENT=gid://shopify/Product/7986381750362
2026-09-04T06:08:59.102Z,MIM-T-blondie-basket-tote-bag,CREATED,gid://shopify/Product/7986330828890,Blondie Basket Tote Bag,gid://shopify/Product/7986090639450|gid://shopify/Product/7986160435290|gid://shopify/Product/7986160631898|gid://shopify/Product/7986162040922,blondie-basket-tote-bag-60297275-1|blondie-basket-tote-bag-60313189-1066|blondie-basket-tote-bag-60313194-1752|blondie-basket-tote-bag-60313692-9599,CONSOLIDATED_SOURCE_PARENTS=gid://shopify/Product/7986330828890|gid://shopify/Product/7986387877978|gid://shopify/Product/7986388107354|gid://shopify/Product/7986392039514 REUSED_PARENT=gid://shopify/Product/7986330828890
2026-09-04T06:09:41.450Z,MIM-T-blondie-boxy-tote-bag,CREATED,gid://shopify/Product/7986345050202,Blondie Boxy Tote Bag,gid://shopify/Product/7986113970266|gid://shopify/Product/7986114199642|gid://shopify/Product/7986124357722|gid://shopify/Product/7986138251354|gid://shopify/Product/7986142117978|gid://shopify/Product/7986158534746|gid://shopify/Product/7986160894042|gid://shopify/Product/7986178490458|gid://shopify/Product/7986183307354|gid://shopify/Product/7986183471194|gid://shopify/Product/7986198446170|gid://shopify/Product/7986198675546|gid://shopify/Product/7986198872154|gid://shopify/Product/7986211160154,blondie-boxy-tote-bag-60305934-1085|blondie-boxy-tote-bag-60305935-3012|blondie-boxy-tote-bag-60307934-1467|blondie-boxy-tote-bag-60309193-2683|blondie-boxy-tote-bag-60310180-1421|blondie-boxy-tote-bag-60313119-465|blondie-boxy-tote-bag-60312758-657|blondie-boxy-tote-bag-60314424-639|blondie-boxy-tote-bag-60314936-9599|blondie-boxy-tote-bag-60314937-3437|blondie-boxy-tote-bag-60318048-448|blondie-boxy-tote-bag-60318049-8934|blondie-boxy-tote-bag-60318050-908|blondie-boxy-tote-bag-60320610-200,CONSOLIDATED_SOURCE_PARENTS=gid://shopify/Product/7986345050202|gid://shopify/Product/7986345181274|gid://shopify/Product/7986356387930|gid://shopify/Product/7986367037530|gid://shopify/Product/7986369822810|gid://shopify/Product/7986386141274|gid://shopify/Product/7986382307418|gid://shopify/Product/7986400002138|gid://shopify/Product/7986402984026|gid://shopify/Product/7986403147866|gid://shopify/Product/7986413568090|gid://shopify/Product/7986413797466|gid://shopify/Product/7986413994074|gid://shopify/Product/7986423234650 REUSED_PARENT=gid://shopify/Product/7986345050202
2026-09-04T06:10:10.016Z,MIM-T-blondie-crossbody-bag,CREATED,gid://shopify/Product/7986345541722,Blondie Crossbody Bag,gid://shopify/Product/7986114494554|gid://shopify/Product/7986114297946|gid://shopify/Product/7986124521562|gid://shopify/Product/7986134941786|gid://shopify/Product/7986142249050|gid://shopify/Product/7986157813850|gid://shopify/Product/7986158731354|gid://shopify/Product/7986183635034|gid://shopify/Product/7986186518618,blondie-crossbody-bag-60305936-3012|blondie-crossbody-bag-60305937-1085|blondie-crossbody-bag-60307936-1467|blondie-crossbody-bag-60309194-2683|blondie-crossbody-bag-60310182-1421|blondie-crossbody-bag-60312760-657|blondie-crossbody-bag-60313121-465|blondie-crossbody-bag-60314939-9599|blondie-crossbody-bag-60316228-448,CONSOLIDATED_SOURCE_PARENTS=gid://shopify/Product/7986345377882|gid://shopify/Product/7986345541722|gid://shopify/Product/7986356551770|gid://shopify/Product/7986367201370|gid://shopify/Product/7986369986650|gid://shopify/Product/7986382569562|gid://shopify/Product/7986386337882|gid://shopify/Product/7986403311706|gid://shopify/Product/7986403999834 REUSED_PARENT=gid://shopify/Product/7986345541722
2026-09-04T06:10:18.328Z,MIM-T-blondie-mini-tote-bag,CREATED,gid://shopify/Product/7986414157914,Blondie Mini Tote Bag,gid://shopify/Product/7986199035994|gid://shopify/Product/7986199167066|gid://shopify/Product/7986199363674,blondie-mini-tote-bag-60318051-9599|blondie-mini-tote-bag-60318052-448|blondie-mini-tote-bag-60318053-8934,CONSOLIDATED_SOURCE_PARENTS=gid://shopify/Product/7986414157914|gid://shopify/Product/7986414354522|gid://shopify/Product/7986414583898 REUSED_PARENT=gid://shopify/Product/7986414157914
2026-09-04T06:10:27.031Z,MIM-T-blondie-mini-tote-crossbody-bag,CREATED,gid://shopify/Product/7986403639386,Blondie Mini Tote Crossbody Bag,gid://shopify/Product/7986183798874|gid://shopify/Product/7986183995482|gid://shopify/Product/7986199494746,blondie-mini-tote-crossbody-bag-60314940-1|blondie-mini-tote-crossbody-bag-60314941-3437|blondie-mini-tote-crossbody-bag-60318054-908,CONSOLIDATED_SOURCE_PARENTS=gid://shopify/Product/7986403639386|gid://shopify/Product/7986403868762|gid://shopify/Product/7986414780506 REUSED_PARENT=gid://shopify/Product/7986403639386
2026-09-04T06:10:32.153Z,MIM-T-blondie-tote-bag,CREATED,gid://shopify/Product/7986330501210,Blondie Tote Bag,gid://shopify/Product/7986090213466|gid://shopify/Product/7986090475610,blondie-tote-bag-60297272-1|blondie-tote-bag-60297273-1421,CONSOLIDATED_SOURCE_PARENTS=gid://shopify/Product/7986330501210|gid://shopify/Product/7986330665050 REUSED_PARENT=gid://shopify/Product/7986330501210
2026-09-04T06:10:43.015Z,MIM-T-brittany-mini-tote-bag,CREATED,gid://shopify/Product/7986413830234,Brittany Mini Tote Bag,gid://shopify/Product/7986199920730|gid://shopify/Product/7986196578394|gid://shopify/Product/7986196742234,brittany-mini-tote-bag-60318073-602|brittany-mini-tote-bag-60318074-1421|brittany-mini-tote-bag-60318072-234,CONSOLIDATED_SOURCE_PARENTS=gid://shopify/Product/7986413961306|gid://shopify/Product/7986414125146|gid://shopify/Product/7986413830234 REUSED_PARENT=gid://shopify/Product/7986413830234
2026-09-04T06:10:52.427Z,MIM-T-brunswick-carry-all-bag,CREATED,gid://shopify/Product/7986345803866,Brunswick Carry All Bag,gid://shopify/Product/7986110890074|gid://shopify/Product/7986111053914|gid://shopify/Product/7986137333850,brunswick-carry-all-bag-60305813-3637|brunswick-carry-all-bag-60305814-31|brunswick-carry-all-bag-60309183-234,CONSOLIDATED_SOURCE_PARENTS=gid://shopify/Product/7986345803866|gid://shopify/Product/7986345967706|gid://shopify/Product/7986365890650 REUSED_PARENT=gid://shopify/Product/7986345803866
2026-09-04T06:11:22.340Z,MIM-T-brunswick-crossbody-bag,CREATED,gid://shopify/Product/7986338267226,Brunswick Crossbody Bag,gid://shopify/Product/7986101157978|gid://shopify/Product/7986101616730|gid://shopify/Product/7986105483354|gid://shopify/Product/7986108366938|gid://shopify/Product/7986108530778|gid://shopify/Product/7986108727386|gid://shopify/Product/7986137563226|gid://shopify/Product/7986469961818|gid://shopify/Product/7986470125658|gid://shopify/Product/7986470289498|gid://shopify/Product/7986470453338,brunswick-crossbody-bag-60299359-115|brunswick-crossbody-bag-60299175-569|brunswick-crossbody-bag-60299421-302|brunswick-crossbody-bag-60304108-31|brunswick-crossbody-bag-60304109-686|brunswick-crossbody-bag-60304110-4068|brunswick-crossbody-bag-60309184-234|brunswick-crossbody-bag-60296902-7931|brunswick-crossbody-bag-60296903-459|brunswick-crossbody-bag-60296904-705|brunswick-crossbody-bag-60296905-3637,CONSOLIDATED_SOURCE_PARENTS=gid://shopify/Product/7986338267226|gid://shopify/Product/7986339381338|gid://shopify/Product/7986341511258|gid://shopify/Product/7986344525914|gid://shopify/Product/7986344656986|gid://shopify/Product/7986344722522|gid://shopify/Product/7986366054490|gid://shopify/Product/7986515640410|gid://shopify/Product/7986515837018|gid://shopify/Product/7986515968090|gid://shopify/Product/7986516131930 REUSED_PARENT=gid://shopify/Product/7986338267226
2026-09-04T06:11:31.952Z,MIM-T-brunswick-mini-tote-bag,CREATED,gid://shopify/Product/7986337808474,Brunswick Mini Tote Bag,gid://shopify/Product/7986100011098|gid://shopify/Product/7986100338778|gid://shopify/Product/7986100568154,brunswick-mini-tote-bag-60298944-3637|brunswick-mini-tote-bag-60298945-7931|brunswick-mini-tote-bag-60298946-459,CONSOLIDATED_SOURCE_PARENTS=gid://shopify/Product/7986337808474|gid://shopify/Product/7986337972314|gid://shopify/Product/7986338070618 REUSED_PARENT=gid://shopify/Product/7986337808474
2026-09-04T06:11:42.707Z,MIM-T-brunswick-sling-crossbody-bag,CREATED,gid://shopify/Product/7986344788058,Brunswick Sling Crossbody Bag,gid://shopify/Product/7986108891226|gid://shopify/Product/7986109022298|gid://shopify/Product/7986109251674,brunswick-sling-crossbody-bag-60304111-686|brunswick-sling-crossbody-bag-60304112-31|brunswick-sling-crossbody-bag-60304113-3637,CONSOLIDATED_SOURCE_PARENTS=gid://shopify/Product/7986344788058|gid://shopify/Product/7986344820826|gid://shopify/Product/7986344853594 REUSED_PARENT=gid://shopify/Product/7986344788058
2026-09-04T06:11:59.129Z,MIM-T-brunswick-tote-bag,CREATED,gid://shopify/Product/7986341478490,Brunswick Tote Bag,gid://shopify/Product/7986105286746|gid://shopify/Product/7986469273690|gid://shopify/Product/7986469437530|gid://shopify/Product/7986469568602|gid://shopify/Product/7986469732442,brunswick-tote-bag-60299419-302|brunswick-tote-bag-60296895-3637|brunswick-tote-bag-60296896-705|brunswick-tote-bag-60296897-7931|brunswick-tote-bag-60296898-459,CONSOLIDATED_SOURCE_PARENTS=gid://shopify/Product/7986341478490|gid://shopify/Product/7986514821210|gid://shopify/Product/7986514952282|gid://shopify/Product/7986515116122|gid://shopify/Product/7986515279962 REUSED_PARENT=gid://shopify/Product/7986341478490
2026-09-04T06:12:13.527Z,MIM-T-bungalow-crossbody-bag,CREATED,gid://shopify/Product/7986347638874,Bungalow Crossbody Bag,gid://shopify/Product/7986113216602|gid://shopify/Product/7986113380442|gid://shopify/Product/7986113511514|gid://shopify/Product/7986476744794|gid://shopify/Product/7986476908634,bungalow-crossbody-bag-60305928-9013|bungalow-crossbody-bag-60305930-686|bungalow-crossbody-bag-60305931-476|bungalow-crossbody-bag-60301553-1421|bungalow-crossbody-bag-60301554-9621,CONSOLIDATED_SOURCE_PARENTS=gid://shopify/Product/7986347638874|gid://shopify/Product/7986347802714|gid://shopify/Product/7986347966554|gid://shopify/Product/7986521800794|gid://shopify/Product/7986521964634 REUSED_PARENT=gid://shopify/Product/7986347638874
2026-09-04T06:12:18.237Z,MIM-T-cady-mini-bucket-crossbody-bag,CREATED,gid://shopify/Product/7986370674778,Cady Mini Bucket Crossbody Bag,gid://shopify/Product/7986140151898|gid://shopify/Product/7986140708954,cady-mini-bucket-crossbody-bag-60310231-9466|cady-mini-bucket-crossbody-bag-60310233-6525,CONSOLIDATED_SOURCE_PARENTS=gid://shopify/Product/7986370674778|gid://shopify/Product/7986371035226 REUSED_PARENT=gid://shopify/Product/7986370674778
2026-09-04T06:12:23.256Z,MIM-T-calypso-grab-bag,CREATED,gid://shopify/Product/7986388271194,Calypso Grab Bag,gid://shopify/Product/7986160828506|gid://shopify/Product/7986160992346,calypso-grab-bag-60313196-126|calypso-grab-bag-60313197-465,CONSOLIDATED_SOURCE_PARENTS=gid://shopify/Product/7986388271194|gid://shopify/Product/7986388435034 REUSED_PARENT=gid://shopify/Product/7986388271194
2026-09-04T06:12:34.221Z,MIM-T-canyon-duffle-bag,CREATED,gid://shopify/Product/7986373656666,Canyon Duffle Bag,gid://shopify/Product/7986144772186|gid://shopify/Product/7986478612570|gid://shopify/Product/7986478809178,canyon-duffle-bag-60310488-1421|canyon-duffle-bag-60302333-1|canyon-duffle-bag-60302334-3368,CONSOLIDATED_SOURCE_PARENTS=gid://shopify/Product/7986373656666|gid://shopify/Product/7986523045978|gid://shopify/Product/7986523209818 REUSED_PARENT=gid://shopify/Product/7986373656666
2026-09-04T06:12:51.006Z,MIM-T-concert-tote-bag,CREATED,gid://shopify/Product/7986385748058,Concert Tote Bag,gid://shopify/Product/7986158174298|gid://shopify/Product/7986158338138|gid://shopify/Product/7986473009242|gid://shopify/Product/7986473173082|gid://shopify/Product/7986473336922|gid://shopify/Product/7986473500762,concert-tote-bag-60313112-465|concert-tote-bag-60313113-1752|concert-tote-bag-60300739-1|concert-tote-bag-60300740-725|concert-tote-bag-60300741-459|concert-tote-bag-60300742-1421,CONSOLIDATED_SOURCE_PARENTS=gid://shopify/Product/7986385748058|gid://shopify/Product/7986386010202|gid://shopify/Product/7986519081050|gid://shopify/Product/7986519310426|gid://shopify/Product/7986519474266|gid://shopify/Product/7986519703642 REUSED_PARENT=gid://shopify/Product/7986385748058
2026-09-04T06:12:55.150Z,MIM-T-crest-towelling-tote-bag,CREATED,gid://shopify/Product/7986386960474,Crest Towelling Tote Bag,gid://shopify/Product/7986163155034|gid://shopify/Product/7986163318874,crest-towelling-tote-bag-60313257-639|crest-towelling-tote-bag-60313258-953,CONSOLIDATED_SOURCE_PARENTS=gid://shopify/Product/7986386960474|gid://shopify/Product/7986387124314 REUSED_PARENT=gid://shopify/Product/7986386960474
2026-09-04T06:13:02.578Z,MIM-T-desert-basket-tote-bag,CREATED,gid://shopify/Product/7986342002778,Desert Basket Tote Bag,gid://shopify/Product/7986106040410|gid://shopify/Product/7986106237018,desert-basket-tote-bag-60299447-115|desert-basket-tote-bag-60299448-2155,CONSOLIDATED_SOURCE_PARENTS=gid://shopify/Product/7986342002778|gid://shopify/Product/7986342133850 REUSED_PARENT=gid://shopify/Product/7986342002778
2026-09-04T06:13:15.192Z,MIM-T-dionne-crossbody-bag,CREATED,gid://shopify/Product/7986371199066,Dionne Crossbody Bag,gid://shopify/Product/7986140872794|gid://shopify/Product/7986141036634|gid://shopify/Product/7986148737114|gid://shopify/Product/7986157322330,dionne-crossbody-bag-60310235-1|dionne-crossbody-bag-60310236-9501|dionne-crossbody-bag-60310883-2729|dionne-crossbody-bag-60312073-657,CONSOLIDATED_SOURCE_PARENTS=gid://shopify/Product/7986371199066|gid://shopify/Product/7986371395674|gid://shopify/Product/7986378178650|gid://shopify/Product/7986379882586 REUSED_PARENT=gid://shopify/Product/7986371199066
2026-09-04T06:13:20.194Z,MIM-T-dove-backpack,CREATED,gid://shopify/Product/7986400559194,Dove Backpack,gid://shopify/Product/7986183241818|gid://shopify/Product/7986183077978,dove-backpack-60314871-1421|dove-backpack-60314872-1,CONSOLIDATED_SOURCE_PARENTS=gid://shopify/Product/7986400395354|gid://shopify/Product/7986400559194 REUSED_PARENT=gid://shopify/Product/7986400559194
2026-09-04T06:13:25.620Z,MIM-T-dove-pram-caddy,CREATED,gid://shopify/Product/7986400067674,Dove Pram Caddy,gid://shopify/Product/7986182684762|gid://shopify/Product/7986182815834,dove-pram-caddy-60314869-1|dove-pram-caddy-60314870-1421,CONSOLIDATED_SOURCE_PARENTS=gid://shopify/Product/7986400067674|gid://shopify/Product/7986400231514 REUSED_PARENT=gid://shopify/Product/7986400067674
2026-09-04T06:13:30.435Z,MIM-T-dove-tote-bag,CREATED,gid://shopify/Product/7986399674458,Dove Tote Bag,gid://shopify/Product/7986182357082|gid://shopify/Product/7986182520922,dove-tote-bag-60314866-1|dove-tote-bag-60314867-1421,CONSOLIDATED_SOURCE_PARENTS=gid://shopify/Product/7986399674458|gid://shopify/Product/7986399903834 REUSED_PARENT=gid://shopify/Product/7986399674458
2026-09-04T06:13:35.518Z,MIM-T-driver-shoulder-bag,CREATED,gid://shopify/Product/7986512724058,Driver Shoulder Bag,gid://shopify/Product/7986467078234|gid://shopify/Product/7986467242074,driver-shoulder-bag-60295789-2344|driver-shoulder-bag-60295790-3637,CONSOLIDATED_SOURCE_PARENTS=gid://shopify/Product/7986512724058|gid://shopify/Product/7986512920666 REUSED_PARENT=gid://shopify/Product/7986512724058
2026-09-04T06:13:40.582Z,MIM-T-driver-sling-bag,CREATED,gid://shopify/Product/7986513084506,Driver Sling Bag,gid://shopify/Product/7986467405914|gid://shopify/Product/7986467569754,driver-sling-bag-60295791-3637|driver-sling-bag-60295792-2344,CONSOLIDATED_SOURCE_PARENTS=gid://shopify/Product/7986513084506|gid://shopify/Product/7986513248346 REUSED_PARENT=gid://shopify/Product/7986513084506
2026-09-04T06:13:45.793Z,MIM-T-echo-backpack,CREATED,gid://shopify/Product/7986259918938,Echo Backpack,gid://shopify/Product/7986013241434|gid://shopify/Product/7986156830810,echo-backpack-60228643-3631|echo-backpack-60312124-1,CONSOLIDATED_SOURCE_PARENTS=gid://shopify/Product/7986259918938|gid://shopify/Product/7986382766170 REUSED_PARENT=gid://shopify/Product/7986259918938
2026-09-04T06:13:53.676Z,MIM-T-el-rey-crossbody-bag,CREATED,gid://shopify/Product/7986328928346,El Rey Crossbody Bag,gid://shopify/Product/7986088738906|gid://shopify/Product/7986088902746|gid://shopify/Product/7986089164890,el-rey-crossbody-bag-60297189-3637|el-rey-crossbody-bag-60297190-116|el-rey-crossbody-bag-60297192-7568,CONSOLIDATED_SOURCE_PARENTS=gid://shopify/Product/7986328928346|gid://shopify/Product/7986329026650|gid://shopify/Product/7986329190490 REUSED_PARENT=gid://shopify/Product/7986328928346
2026-09-04T06:13:59.459Z,MIM-T-el-rey-shoulder-bag,CREATED,gid://shopify/Product/7986328600666,El Rey Shoulder Bag,gid://shopify/Product/7986088280154|gid://shopify/Product/7986088542298,el-rey-shoulder-bag-60297186-116|el-rey-shoulder-bag-60297188-3637,CONSOLIDATED_SOURCE_PARENTS=gid://shopify/Product/7986328600666|gid://shopify/Product/7986328797274 REUSED_PARENT=gid://shopify/Product/7986328600666
2026-09-04T06:14:06.273Z,MIM-T-el-rey-tote-bag,CREATED,gid://shopify/Product/7986328240218,El Rey Tote Bag,gid://shopify/Product/7986091524186|gid://shopify/Product/7986091655258,el-rey-tote-bag-60297184-3637|el-rey-tote-bag-60297185-116,CONSOLIDATED_SOURCE_PARENTS=gid://shopify/Product/7986328240218|gid://shopify/Product/7986328404058 REUSED_PARENT=gid://shopify/Product/7986328240218
2026-09-04T06:14:15.359Z,MIM-T-elements-crossbody-bag,CREATED,gid://shopify/Product/7986327421018,Elements Crossbody Bag,gid://shopify/Product/7986086248538|gid://shopify/Product/7986086576218|gid://shopify/Product/7986454691930,elements-crossbody-bag-60292287-2344|elements-crossbody-bag-60292288-1827|elements-crossbody-bag-60294482-7700,CONSOLIDATED_SOURCE_PARENTS=gid://shopify/Product/7986327421018|gid://shopify/Product/7986327584858|gid://shopify/Product/7986499813466 REUSED_PARENT=gid://shopify/Product/7986327421018
2026-09-04T06:14:23.476Z,MIM-T-elements-mini-shoulder-bag,CREATED,gid://shopify/Product/7986500403290,Elements Mini Shoulder Bag,gid://shopify/Product/7986455183450|gid://shopify/Product/7986455314522|gid://shopify/Product/7986455478362,elements-mini-shoulder-bag-60294491-2344|elements-mini-shoulder-bag-60294492-7700|elements-mini-shoulder-bag-60294493-1827,CONSOLIDATED_SOURCE_PARENTS=gid://shopify/Product/7986500403290|gid://shopify/Product/7986500599898|gid://shopify/Product/7986500862042 REUSED_PARENT=gid://shopify/Product/7986500403290
2026-09-04T06:14:30.334Z,MIM-T-elements-tote-bag,CREATED,gid://shopify/Product/7986327748698,Elements Tote Bag,gid://shopify/Product/7986086772826|gid://shopify/Product/7986086903898|gid://shopify/Product/7986454823002,elements-tote-bag-60292289-1827|elements-tote-bag-60292290-2344|elements-tote-bag-60294483-7700,CONSOLIDATED_SOURCE_PARENTS=gid://shopify/Product/7986327748698|gid://shopify/Product/7986327912538|gid://shopify/Product/7986500042842 REUSED_PARENT=gid://shopify/Product/7986327748698
2026-09-04T06:14:35.045Z,MIM-T-elysia-ring-clutch-bag,CREATED,gid://shopify/Product/7986385616986,Elysia Ring Clutch Bag,gid://shopify/Product/7986161680474|gid://shopify/Product/7986161844314,elysia-ring-clutch-bag-60313239-657|elysia-ring-clutch-bag-60313240-1,CONSOLIDATED_SOURCE_PARENTS=gid://shopify/Product/7986385616986|gid://shopify/Product/7986385813594 REUSED_PARENT=gid://shopify/Product/7986385616986
2026-09-04T06:14:39.713Z,MIM-T-ember-crossbody-bag,CREATED,gid://shopify/Product/7986386600026,Ember Crossbody Bag,gid://shopify/Product/7986162761818|gid://shopify/Product/7986162925658,ember-crossbody-bag-60313255-1510|ember-crossbody-bag-60313256-982,CONSOLIDATED_SOURCE_PARENTS=gid://shopify/Product/7986386600026|gid://shopify/Product/7986386796634 REUSED_PARENT=gid://shopify/Product/7986386600026
2026-09-04T06:14:44.978Z,MIM-T-ember-grab-crossbody-bag,CREATED,gid://shopify/Product/7986386272346,Ember Grab Crossbody Bag,gid://shopify/Product/7986162335834|gid://shopify/Product/7986162565210,ember-grab-crossbody-bag-60313252-982|ember-grab-crossbody-bag-60313253-1510,CONSOLIDATED_SOURCE_PARENTS=gid://shopify/Product/7986386272346|gid://shopify/Product/7986386436186 REUSED_PARENT=gid://shopify/Product/7986386272346
2026-09-04T06:14:50.200Z,MIM-T-ember-tote-bag,CREATED,gid://shopify/Product/7986385944666,Ember Tote Bag,gid://shopify/Product/7986161975386|gid://shopify/Product/7986162204762,ember-tote-bag-60313250-1510|ember-tote-bag-60313251-982,CONSOLIDATED_SOURCE_PARENTS=gid://shopify/Product/7986385944666|gid://shopify/Product/7986386108506 REUSED_PARENT=gid://shopify/Product/7986385944666
2026-09-04T06:14:57.370Z,MIM-T-encore-clutch-bag,CREATED,gid://shopify/Product/7986339086426,Encore Clutch Bag,gid://shopify/Product/7986101289050|gid://shopify/Product/7986101583962,encore-clutch-bag-60299131-1827|encore-clutch-bag-60299133-7549,CONSOLIDATED_SOURCE_PARENTS=gid://shopify/Product/7986339086426|gid://shopify/Product/7986339348570 REUSED_PARENT=gid://shopify/Product/7986339086426
2026-09-04T06:15:03.410Z,MIM-T-est-96-crossbody-bag,CREATED,gid://shopify/Product/7986293833818,Est. 96 Crossbody Bag,gid://shopify/Product/7986046533722|gid://shopify/Product/7986050170970,est-96-crossbody-bag-60277536-115|est-96-crossbody-bag-60278022-459,CONSOLIDATED_SOURCE_PARENTS=gid://shopify/Product/7986293833818|gid://shopify/Product/7986293768282 REUSED_PARENT=gid://shopify/Product/7986293833818
2026-09-04T06:15:08.841Z,MIM-T-est-96-tote-bag,CREATED,gid://shopify/Product/7986293997658,Est. 96 Tote Bag,gid://shopify/Product/7986046763098|gid://shopify/Product/7986048630874,est-96-tote-bag-60277538-115|est-96-tote-bag-60277299-1492,CONSOLIDATED_SOURCE_PARENTS=gid://shopify/Product/7986293997658|gid://shopify/Product/7986292686938 REUSED_PARENT=gid://shopify/Product/7986293997658
2026-09-04T06:15:27.270Z,MIM-T-explore-crossbody-bag,CREATED,gid://shopify/Product/7986329124954,Explore Crossbody Bag,gid://shopify/Product/7986088640602|gid://shopify/Product/7986456035418|gid://shopify/Product/7986456166490|gid://shopify/Product/7986456330330|gid://shopify/Product/7986461278298|gid://shopify/Product/7986477301850|gid://shopify/Product/7986477498458,explore-crossbody-bag-60297099-46|explore-crossbody-bag-60293590-459|explore-crossbody-bag-60293591-901|explore-crossbody-bag-60293592-1|explore-crossbody-bag-60295804-910|explore-crossbody-bag-60302312-302|explore-crossbody-bag-60302313-4084,CONSOLIDATED_SOURCE_PARENTS=gid://shopify/Product/7986329124954|gid://shopify/Product/7986501550170|gid://shopify/Product/7986501714010|gid://shopify/Product/7986501910618|gid://shopify/Product/7986513379418|gid://shopify/Product/7986521866330|gid://shopify/Product/7986522030170 REUSED_PARENT=gid://shopify/Product/7986329124954
2026-09-04T06:15:35.008Z,MIM-T-explore-tote-bag,CREATED,gid://shopify/Product/7986328895578,Explore Tote Bag,gid://shopify/Product/7986088509530|gid://shopify/Product/7986458820698|gid://shopify/Product/7986459017306,explore-tote-bag-60297098-46|explore-tote-bag-60292726-901|explore-tote-bag-60292730-1,CONSOLIDATED_SOURCE_PARENTS=gid://shopify/Product/7986328895578|gid://shopify/Product/7986504040538|gid://shopify/Product/7986504237146 REUSED_PARENT=gid://shopify/Product/7986328895578
2026-09-04T06:15:39.454Z,MIM-T-faux-fur-frame-bag,CREATED,gid://shopify/Product/7986413305946,Faux Fur Frame Bag,gid://shopify/Product/7986197758042|gid://shopify/Product/7986197889114,faux-fur-frame-bag-60318108-200|faux-fur-frame-bag-60318109-602,CONSOLIDATED_SOURCE_PARENTS=gid://shopify/Product/7986413305946|gid://shopify/Product/7986413502554 REUSED_PARENT=gid://shopify/Product/7986413305946
2026-09-04T06:15:49.183Z,MIM-T-flashback-neoprene-crossbody-bag,CREATED,gid://shopify/Product/7986312446042,Flashback Neoprene Crossbody Bag,gid://shopify/Product/7986069110874|gid://shopify/Product/7986069274714|gid://shopify/Product/7986069405786,flashback-neoprene-crossbody-bag-60287806-3637|flashback-neoprene-crossbody-bag-60287807-4347|flashback-neoprene-crossbody-bag-60287810-2351,CONSOLIDATED_SOURCE_PARENTS=gid://shopify/Product/7986312446042|gid://shopify/Product/7986312609882|gid://shopify/Product/7986312773722 REUSED_PARENT=gid://shopify/Product/7986312446042
2026-09-04T06:15:54.405Z,MIM-T-flashback-neoprene-tote-bag,CREATED,gid://shopify/Product/7986309988442,Flashback Neoprene Tote Bag,gid://shopify/Product/7986069995610|gid://shopify/Product/7986071306330,flashback-neoprene-tote-bag-60287695-3637|flashback-neoprene-tote-bag-60287787-2351,CONSOLIDATED_SOURCE_PARENTS=gid://shopify/Product/7986309988442|gid://shopify/Product/7986311200858 REUSED_PARENT=gid://shopify/Product/7986309988442
2026-09-04T06:16:01.187Z,MIM-T-flight-mini-tote-bag,CREATED,gid://shopify/Product/7986293473370,Flight Mini Tote Bag,gid://shopify/Product/7986045747290|gid://shopify/Product/7986045911130,flight-mini-tote-bag-60277325-9439|flight-mini-tote-bag-60277337-3637,CONSOLIDATED_SOURCE_PARENTS=gid://shopify/Product/7986293473370|gid://shopify/Product/7986293669978 REUSED_PARENT=gid://shopify/Product/7986293473370
2026-09-04T06:16:13.567Z,MIM-T-geo-mini-tote-bag,CREATED,gid://shopify/Product/7986504433754,Geo Mini Tote Bag,gid://shopify/Product/7986459148378|gid://shopify/Product/7986459967578,geo-mini-tote-bag-60292760-3637|geo-mini-tote-bag-60292767-7898,CONSOLIDATED_SOURCE_PARENTS=gid://shopify/Product/7986504433754|gid://shopify/Product/7986505220186 REUSED_PARENT=gid://shopify/Product/7986504433754
2026-09-04T06:16:19.492Z,MIM-T-geo-tote-bag,CREATED,gid://shopify/Product/7986504597594,Geo Tote Bag,gid://shopify/Product/7986459312218|gid://shopify/Product/7986459803738,geo-tote-bag-60292761-3637|geo-tote-bag-60292766-7898,CONSOLIDATED_SOURCE_PARENTS=gid://shopify/Product/7986504597594|gid://shopify/Product/7986505056346 REUSED_PARENT=gid://shopify/Product/7986504597594
2026-09-04T06:16:27.790Z,MIM-T-hailey-crossbody-bag,CREATED,gid://shopify/Product/7986365923418,Hailey Crossbody Bag,gid://shopify/Product/7986136973402|gid://shopify/Product/7986137104474|gid://shopify/Product/7986137235546,hailey-crossbody-bag-60309230-1|hailey-crossbody-bag-60309232-3253|hailey-crossbody-bag-60309233-234,CONSOLIDATED_SOURCE_PARENTS=gid://shopify/Product/7986365923418|gid://shopify/Product/7986366120026|gid://shopify/Product/7986366283866 REUSED_PARENT=gid://shopify/Product/7986365923418
2026-09-04T06:16:33.012Z,MIM-T-hailey-shoulder-bag,CREATED,gid://shopify/Product/7986365562970,Hailey Shoulder Bag,gid://shopify/Product/7986136678490|gid://shopify/Product/7986136776794,hailey-shoulder-bag-60309226-1|hailey-shoulder-bag-60309228-3253,CONSOLIDATED_SOURCE_PARENTS=gid://shopify/Product/7986365562970|gid://shopify/Product/7986365759578 REUSED_PARENT=gid://shopify/Product/7986365562970
2026-09-04T06:16:39.973Z,MIM-T-haze-grab-crossbody-bag,CREATED,gid://shopify/Product/7986338824282,Haze Grab Crossbody Bag,gid://shopify/Product/7986101125210|gid://shopify/Product/7986101256282|gid://shopify/Product/7986101485658,haze-grab-crossbody-bag-60299160-3637|haze-grab-crossbody-bag-60299161-6522|haze-grab-crossbody-bag-60299162-901,CONSOLIDATED_SOURCE_PARENTS=gid://shopify/Product/7986338824282|gid://shopify/Product/7986338988122|gid://shopify/Product/7986339184730 REUSED_PARENT=gid://shopify/Product/7986338824282
2026-09-04T06:16:47.449Z,MIM-T-haze-pouch,CREATED,gid://shopify/Product/7986347212890,Haze Pouch,gid://shopify/Product/7986108334170|gid://shopify/Product/7986108465242|gid://shopify/Product/7986108596314,haze-pouch-60304386-3637|haze-pouch-60304387-6522|haze-pouch-60304388-901,CONSOLIDATED_SOURCE_PARENTS=gid://shopify/Product/7986347212890|gid://shopify/Product/7986347409498|gid://shopify/Product/7986347540570 REUSED_PARENT=gid://shopify/Product/7986347212890
2026-09-04T06:16:54.617Z,MIM-T-haze-tote-bag,CREATED,gid://shopify/Product/7986343936090,Haze Tote Bag,gid://shopify/Product/7986104795226|gid://shopify/Product/7986104991834,haze-tote-bag-60299602-3637|haze-tote-bag-60299603-901,CONSOLIDATED_SOURCE_PARENTS=gid://shopify/Product/7986343936090|gid://shopify/Product/7986344067162 REUSED_PARENT=gid://shopify/Product/7986343936090
2026-09-04T06:17:03.791Z,MIM-T-hera-knit-tote-bag,CREATED,gid://shopify/Product/7986400788570,Hera Knit Tote Bag,gid://shopify/Product/7986179211354|gid://shopify/Product/7986185896026|gid://shopify/Product/7986186125402,hera-knit-tote-bag-60314433-101|hera-knit-tote-bag-60315060-6522|hera-knit-tote-bag-60315063-9501,CONSOLIDATED_SOURCE_PARENTS=gid://shopify/Product/7986400788570|gid://shopify/Product/7986405277786|gid://shopify/Product/7986405408858 REUSED_PARENT=gid://shopify/Product/7986400788570
2026-09-04T06:17:14.500Z,MIM-T-horizon-pocket-crossbody-bag,CREATED,gid://shopify/Product/7986401542234,Horizon Pocket Crossbody Bag,gid://shopify/Product/7986180325466|gid://shopify/Product/7986180522074,horizon-pocket-crossbody-bag-60314463-101|horizon-pocket-crossbody-bag-60314464-1,CONSOLIDATED_SOURCE_PARENTS=gid://shopify/Product/7986401542234|gid://shopify/Product/7986401706074 REUSED_PARENT=gid://shopify/Product/7986401542234
2026-09-04T06:17:19.861Z,MIM-T-irina-crescent-bag,CREATED,gid://shopify/Product/7986355208282,Irina Crescent Bag,gid://shopify/Product/7986126782554|gid://shopify/Product/7986126880858,irina-crescent-bag-60307949-1467|irina-crescent-bag-60307950-4147,CONSOLIDATED_SOURCE_PARENTS=gid://shopify/Product/7986355208282|gid://shopify/Product/7986355306586 REUSED_PARENT=gid://shopify/Product/7986355208282
2026-09-04T06:17:24.839Z,MIM-T-isadora-quilted-clutch-bag,CREATED,gid://shopify/Product/7986355503194,Isadora Quilted Clutch Bag,gid://shopify/Product/7986123702362|gid://shopify/Product/7986123931738,isadora-quilted-clutch-bag-60307998-84|isadora-quilted-clutch-bag-60307999-1,CONSOLIDATED_SOURCE_PARENTS=gid://shopify/Product/7986355503194|gid://shopify/Product/7986355699802 REUSED_PARENT=gid://shopify/Product/7986355503194
2026-09-04T06:17:34.041Z,MIM-T-isadora-quilted-mini-tote-bag,CREATED,gid://shopify/Product/7986351669338,Isadora Quilted Mini Tote Bag,gid://shopify/Product/7986114887770|gid://shopify/Product/7986115084378|gid://shopify/Product/7986124193882|gid://shopify/Product/7986124390490,isadora-quilted-mini-tote-bag-60306517-9013|isadora-quilted-mini-tote-bag-60306518-3637|isadora-quilted-mini-tote-bag-60307956-84|isadora-quilted-mini-tote-bag-60307957-1,CONSOLIDATED_SOURCE_PARENTS=gid://shopify/Product/7986351669338|gid://shopify/Product/7986348458074|gid://shopify/Product/7986356093018|gid://shopify/Product/7986356224090 REUSED_PARENT=gid://shopify/Product/7986351669338
2026-09-04T06:17:43.667Z,MIM-T-isadora-quilted-tote-bag,CREATED,gid://shopify/Product/7986351341658,Isadora Quilted Tote Bag,gid://shopify/Product/7986114527322|gid://shopify/Product/7986114691162|gid://shopify/Product/7986123898970|gid://shopify/Product/7986124062810,isadora-quilted-tote-bag-60306515-3637|isadora-quilted-tote-bag-60306516-9013|isadora-quilted-tote-bag-60307954-84|isadora-quilted-tote-bag-60307955-1,CONSOLIDATED_SOURCE_PARENTS=gid://shopify/Product/7986351341658|gid://shopify/Product/7986351538266|gid://shopify/Product/7986355765338|gid://shopify/Product/7986355896410 REUSED_PARENT=gid://shopify/Product/7986351341658
2026-09-04T06:17:48.173Z,MIM-T-jardin-grab-bag,CREATED,gid://shopify/Product/7986399445082,Jardin Grab Bag,gid://shopify/Product/7986177736794|gid://shopify/Product/7986186682458,jardin-grab-bag-60314396-1|jardin-grab-bag-60316235-1421,CONSOLIDATED_SOURCE_PARENTS=gid://shopify/Product/7986399445082|gid://shopify/Product/7986404130906 REUSED_PARENT=gid://shopify/Product/7986399445082
2026-09-04T06:18:07.219Z,MIM-T-lens-bucket-bag,CREATED,gid://shopify/Product/7986357010522,Lens Bucket Bag,gid://shopify/Product/7986124980314|gid://shopify/Product/7986125176922|gid://shopify/Product/7986126487642|gid://shopify/Product/7986476253274|gid://shopify/Product/7986476482650|gid://shopify/Product/7986477596762,lens-bucket-bag-60307941-1|lens-bucket-bag-60307942-7508|lens-bucket-bag-60307995-1085|lens-bucket-bag-60300879-2348|lens-bucket-bag-60300880-459|lens-bucket-bag-60301561-3637,CONSOLIDATED_SOURCE_PARENTS=gid://shopify/Product/7986357010522|gid://shopify/Product/7986357174362|gid://shopify/Product/7986358124634|gid://shopify/Product/7986521243738|gid://shopify/Product/7986521440346|gid://shopify/Product/7986522456154 REUSED_PARENT=gid://shopify/Product/7986357010522
2026-09-04T06:18:22.996Z,MIM-T-lens-sling-crossbody-bag,CREATED,gid://shopify/Product/7986357305434,Lens Sling Crossbody Bag,gid://shopify/Product/7986125373530|gid://shopify/Product/7986125635674|gid://shopify/Product/7986126717018|gid://shopify/Product/7986475892826|gid://shopify/Product/7986476122202|gid://shopify/Product/7986477432922,lens-sling-crossbody-bag-60307943-1|lens-sling-crossbody-bag-60307944-7508|lens-sling-crossbody-bag-60307996-1085|lens-sling-crossbody-bag-60300877-459|lens-sling-crossbody-bag-60300878-2348|lens-sling-crossbody-bag-60301560-3637,CONSOLIDATED_SOURCE_PARENTS=gid://shopify/Product/7986357305434|gid://shopify/Product/7986357534810|gid://shopify/Product/7986355175514|gid://shopify/Product/7986520883290|gid://shopify/Product/7986521079898|gid://shopify/Product/7986522292314 REUSED_PARENT=gid://shopify/Product/7986357305434
2026-09-04T06:18:28.197Z,MIM-T-lyra-tote-bag,CREATED,gid://shopify/Product/7986388566106,Lyra Tote Bag,gid://shopify/Product/7986161123418|gid://shopify/Product/7986161287258,lyra-tote-bag-60313199-2154|lyra-tote-bag-60313202-3780,CONSOLIDATED_SOURCE_PARENTS=gid://shopify/Product/7986388566106|gid://shopify/Product/7986388697178 REUSED_PARENT=gid://shopify/Product/7986388566106
2026-09-04T06:18:36.198Z,MIM-T-melrose-shoulder-bag,CREATED,gid://shopify/Product/7986330304602,Melrose Shoulder Bag,gid://shopify/Product/7986090803290|gid://shopify/Product/7986091196506|gid://shopify/Product/7986091393114,melrose-shoulder-bag-60297205-3637|melrose-shoulder-bag-60297208-705|melrose-shoulder-bag-60297209-901,CONSOLIDATED_SOURCE_PARENTS=gid://shopify/Product/7986330304602|gid://shopify/Product/7986330566746|gid://shopify/Product/7986330697818 REUSED_PARENT=gid://shopify/Product/7986330304602
2026-09-04T06:18:43.857Z,MIM-T-metropolis-shoulder-bag,CREATED,gid://shopify/Product/7986513838170,Metropolis Shoulder Bag,gid://shopify/Product/7986461802586|gid://shopify/Product/7986461966426|gid://shopify/Product/7986471305306,metropolis-shoulder-bag-60295846-3637|metropolis-shoulder-bag-60295858-901|metropolis-shoulder-bag-60296839-3718,CONSOLIDATED_SOURCE_PARENTS=gid://shopify/Product/7986513838170|gid://shopify/Product/7986507481178|gid://shopify/Product/7986516983898 REUSED_PARENT=gid://shopify/Product/7986513838170
2026-09-04T06:18:51.046Z,MIM-T-miami-tote-bag,CREATED,gid://shopify/Product/7986317983834,Miami Tote Bag,gid://shopify/Product/7986079137882|gid://shopify/Product/7986079301722|gid://shopify/Product/7986079596634,miami-tote-bag-60290096-3637|miami-tote-bag-60290097-6513|miami-tote-bag-60290100-7783,CONSOLIDATED_SOURCE_PARENTS=gid://shopify/Product/7986317983834|gid://shopify/Product/7986318147674|gid://shopify/Product/7986318311514 REUSED_PARENT=gid://shopify/Product/7986317983834
2026-09-04T06:18:55.246Z,MIM-T-mim-cooler-bag,CREATED,gid://shopify/Product/7986387419226,Mim Cooler Bag,gid://shopify/Product/7986159911002|gid://shopify/Product/7986160074842,mim-cooler-bag-60313227-115|mim-cooler-bag-60313228-639,CONSOLIDATED_SOURCE_PARENTS=gid://shopify/Product/7986387419226|gid://shopify/Product/7986387583066 REUSED_PARENT=gid://shopify/Product/7986387419226
2026-09-04T06:19:12.020Z,MIM-T-mim-gram-crescent-crossbody-bag,CREATED,gid://shopify/Product/7986299371610,Mim-Gram Crescent Crossbody Bag,gid://shopify/Product/7986053382234|gid://shopify/Product/7986054922330|gid://shopify/Product/7986055053402|gid://shopify/Product/7986055217242|gid://shopify/Product/7986060427354,mim-gram-crescent-crossbody-bag-60281089-3637|mim-gram-crescent-crossbody-bag-60281527-8078|mim-gram-crescent-crossbody-bag-60281528-3031|mim-gram-crescent-crossbody-bag-60281529-9921|mim-gram-crescent-crossbody-bag-60283909-459,CONSOLIDATED_SOURCE_PARENTS=gid://shopify/Product/7986299371610|gid://shopify/Product/7986297667674|gid://shopify/Product/7986297897050|gid://shopify/Product/7986298060890|gid://shopify/Product/7986302222426 REUSED_PARENT=gid://shopify/Product/7986299371610
2026-09-04T06:19:22.790Z,MIM-T-mim-gram-mini-tote-bag,CREATED,gid://shopify/Product/7986298257498,Mim-Gram Mini Tote Bag,gid://shopify/Product/7986055381082|gid://shopify/Product/7986055512154|gid://shopify/Product/7986060558426,mim-gram-mini-tote-bag-60281532-9921|mim-gram-mini-tote-bag-60281533-4084|mim-gram-mini-tote-bag-60283910-459,CONSOLIDATED_SOURCE_PARENTS=gid://shopify/Product/7986298257498|gid://shopify/Product/7986298421338|gid://shopify/Product/7986302353498 REUSED_PARENT=gid://shopify/Product/7986298257498
2026-09-04T06:19:27.427Z,MIM-T-mim-gram-sparkle-crossbody-bag,CREATED,gid://shopify/Product/7986316247130,Mim-Gram Sparkle Crossbody Bag,gid://shopify/Product/7986073403482|gid://shopify/Product/7986081202266,mim-gram-sparkle-crossbody-bag-60288640-7897|mim-gram-sparkle-crossbody-bag-60290589-459,CONSOLIDATED_SOURCE_PARENTS=gid://shopify/Product/7986316247130|gid://shopify/Product/7986322964570 REUSED_PARENT=gid://shopify/Product/7986316247130
2026-09-04T06:19:33.952Z,MIM-T-mim-mazing-baby-backpack,CREATED,gid://shopify/Product/7986273878106,Mim-Mazing Baby Backpack,gid://shopify/Product/7986026512474|gid://shopify/Product/7986030608474,mim-mazing-baby-backpack-60258707-1492|mim-mazing-baby-backpack-60266388-9621,CONSOLIDATED_SOURCE_PARENTS=gid://shopify/Product/7986273878106|gid://shopify/Product/7986278072410 REUSED_PARENT=gid://shopify/Product/7986273878106
2026-09-04T06:19:41.391Z,MIM-T-mim-mazing-baby-bag,CREATED,gid://shopify/Product/7986274173018,Mim-Mazing Baby Bag,gid://shopify/Product/7986026676314|gid://shopify/Product/7986030444634|gid://shopify/Product/7986032410714,mim-mazing-baby-bag-60258708-1492|mim-mazing-baby-bag-60266387-9621|mim-mazing-baby-bag-60266801-9817,CONSOLIDATED_SOURCE_PARENTS=gid://shopify/Product/7986274173018|gid://shopify/Product/7986277908570|gid://shopify/Product/7986279841882 REUSED_PARENT=gid://shopify/Product/7986274173018
2026-09-04T06:19:49.723Z,MIM-T-mim-micro-tote-crossbody-bag,CREATED,gid://shopify/Product/7986388172890,Mim Micro Tote Crossbody Bag,gid://shopify/Product/7986160762970|gid://shopify/Product/7986160926810|gid://shopify/Product/7986164465754,mim-micro-tote-crossbody-bag-60313233-115|mim-micro-tote-crossbody-bag-60313234-2683|mim-micro-tote-crossbody-bag-60313652-639,CONSOLIDATED_SOURCE_PARENTS=gid://shopify/Product/7986388172890|gid://shopify/Product/7986388336730|gid://shopify/Product/7986391515226 REUSED_PARENT=gid://shopify/Product/7986388172890
2026-09-04T06:20:00.486Z,MIM-T-mim-tote-bag,CREATED,gid://shopify/Product/7986286526554,Mim-Tote Bag,gid://shopify/Product/7986040504410|gid://shopify/Product/7986048827482|gid://shopify/Product/7986161057882|gid://shopify/Product/7986161221722,mim-tote-bag-60270591-1492|mim-tote-bag-60277307-2351|mim-tote-bag-60313236-115|mim-tote-bag-60313237-2683,CONSOLIDATED_SOURCE_PARENTS=gid://shopify/Product/7986286526554|gid://shopify/Product/7986292916314|gid://shopify/Product/7986388500570|gid://shopify/Product/7986385420378 REUSED_PARENT=gid://shopify/Product/7986286526554
2026-09-04T06:20:05.184Z,MIM-T-nextalgia-backpack-bag,CREATED,gid://shopify/Product/7986307792986,Nextalgia Backpack Bag,gid://shopify/Product/7986067406938|gid://shopify/Product/7986070585434,nextalgia-backpack-bag-60286128-3637|nextalgia-backpack-bag-60287832-4084,CONSOLIDATED_SOURCE_PARENTS=gid://shopify/Product/7986307792986|gid://shopify/Product/7986313756762 REUSED_PARENT=gid://shopify/Product/7986307792986
2026-09-04T06:20:17.388Z,MIM-T-nextalgia-crossbody-bag,CREATED,gid://shopify/Product/7986309202010,Nextalgia Crossbody Bag,gid://shopify/Product/7986065244250|gid://shopify/Product/7986066718810|gid://shopify/Product/7986066882650|gid://shopify/Product/7986078908506,nextalgia-crossbody-bag-60286691-7895|nextalgia-crossbody-bag-60286122-3637|nextalgia-crossbody-bag-60286124-1510|nextalgia-crossbody-bag-60290089-2351,CONSOLIDATED_SOURCE_PARENTS=gid://shopify/Product/7986309202010|gid://shopify/Product/7986310545498|gid://shopify/Product/7986310742106|gid://shopify/Product/7986317787226 REUSED_PARENT=gid://shopify/Product/7986309202010
2026-09-04T06:20:28.429Z,MIM-T-nextalgia-mini-tote-bag,CREATED,gid://shopify/Product/7986313461850,Nextalgia Mini Tote Bag,gid://shopify/Product/7986070257754|gid://shopify/Product/7986070454362|gid://shopify/Product/7986078777434,nextalgia-mini-tote-bag-60287830-3637|nextalgia-mini-tote-bag-60287831-4084|nextalgia-mini-tote-bag-60290087-7783,CONSOLIDATED_SOURCE_PARENTS=gid://shopify/Product/7986313461850|gid://shopify/Product/7986313625690|gid://shopify/Product/7986317688922 REUSED_PARENT=gid://shopify/Product/7986313461850
2026-09-04T06:20:41.434Z,MIM-T-nextalgia-phone-crossbody-bag,CREATED,gid://shopify/Product/7986309365850,Nextalgia Phone Crossbody Bag,gid://shopify/Product/7986065473626|gid://shopify/Product/7986067046490|gid://shopify/Product/7986067243098|gid://shopify/Product/7986070782042|gid://shopify/Product/7986078351450,nextalgia-phone-crossbody-bag-60286692-7895|nextalgia-phone-crossbody-bag-60286125-3637|nextalgia-phone-crossbody-bag-60286126-7911|nextalgia-phone-crossbody-bag-60287833-4084|nextalgia-phone-crossbody-bag-60290083-7783,CONSOLIDATED_SOURCE_PARENTS=gid://shopify/Product/7986309365850|gid://shopify/Product/7986310905946|gid://shopify/Product/7986311037018|gid://shopify/Product/7986313920602|gid://shopify/Product/7986317361242 REUSED_PARENT=gid://shopify/Product/7986309365850
2026-09-04T06:20:49.012Z,MIM-T-nextalgia-shoulder-bag,CREATED,gid://shopify/Product/7986309529690,Nextalgia Shoulder Bag,gid://shopify/Product/7986065637466|gid://shopify/Product/7986070913114|gid://shopify/Product/7986078548058,nextalgia-shoulder-bag-60286695-3637|nextalgia-shoulder-bag-60287834-4084|nextalgia-shoulder-bag-60290085-2351,CONSOLIDATED_SOURCE_PARENTS=gid://shopify/Product/7986309529690|gid://shopify/Product/7986314084442|gid://shopify/Product/7986317525082 REUSED_PARENT=gid://shopify/Product/7986309529690
2026-09-04T06:21:12.872Z,MIM-T-northcote-camera-crossbody-bag,CREATED,gid://shopify/Product/7986341118042,Northcote Camera Crossbody Bag,gid://shopify/Product/7986100404314|gid://shopify/Product/7986114429018|gid://shopify/Product/7986122752090|gid://shopify/Product/7986126356570|gid://shopify/Product/7986140938330|gid://shopify/Product/7986157027418|gid://shopify/Product/7986157191258|gid://shopify/Product/7986474975322,northcote-camera-crossbody-bag-60299121-100|northcote-camera-crossbody-bag-60306514-459|northcote-camera-crossbody-bag-60307817-185|northcote-camera-crossbody-bag-60307994-9599|northcote-camera-crossbody-bag-60310174-4065|northcote-camera-crossbody-bag-60312182-115|northcote-camera-crossbody-bag-60312183-982|northcote-camera-crossbody-bag-60301248-2683,CONSOLIDATED_SOURCE_PARENTS=gid://shopify/Product/7986341118042|gid://shopify/Product/7986351079514|gid://shopify/Product/7986356682842|gid://shopify/Product/7986357960794|gid://shopify/Product/7986368774234|gid://shopify/Product/7986382405722|gid://shopify/Product/7986382536794|gid://shopify/Product/7986526945370 REUSED_PARENT=gid://shopify/Product/7986341118042
2026-09-04T06:21:22.496Z,MIM-T-parker-crescent-crossbody-bag,CREATED,gid://shopify/Product/7986346131546,Parker Crescent Crossbody Bag,gid://shopify/Product/7986111250522|gid://shopify/Product/7986111873114|gid://shopify/Product/7986112069722,parker-crescent-crossbody-bag-60305903-55|parker-crescent-crossbody-bag-60305904-1085|parker-crescent-crossbody-bag-60305905-263,CONSOLIDATED_SOURCE_PARENTS=gid://shopify/Product/7986346131546|gid://shopify/Product/7986346295386|gid://shopify/Product/7986346459226 REUSED_PARENT=gid://shopify/Product/7986346131546
2026-09-04T06:21:58.750Z,MIM-T-patch-crossbody-bag,CREATED,gid://shopify/Product/7986341642330,Patch Crossbody Bag,gid://shopify/Product/7986105974874|gid://shopify/Product/7986106171482|gid://shopify/Product/7986124095578|gid://shopify/Product/7986138185818|gid://shopify/Product/7986139988058|gid://shopify/Product/7986141855834|gid://shopify/Product/7986154537050|gid://shopify/Product/7986154700890|gid://shopify/Product/7986178261082|gid://shopify/Product/7986476974170,patch-crossbody-bag-60299614-974|patch-crossbody-bag-60299615-1951|patch-crossbody-bag-60308000-598|patch-crossbody-bag-60309192-459|patch-crossbody-bag-60309637-2683|patch-crossbody-bag-60310179-202|patch-crossbody-bag-60312077-1|patch-crossbody-bag-60312078-332|patch-crossbody-bag-60314423-657|patch-crossbody-bag-60302307-9621,CONSOLIDATED_SOURCE_PARENTS=gid://shopify/Product/7986341642330|gid://shopify/Product/7986341838938|gid://shopify/Product/7986355863642|gid://shopify/Product/7986366873690|gid://shopify/Product/7986371002458|gid://shopify/Product/7986369593434|gid://shopify/Product/7986380472410|gid://shopify/Product/7986380669018|gid://shopify/Product/7986399838298|gid://shopify/Product/7986521505882 REUSED_PARENT=gid://shopify/Product/7986341642330
2026-09-04T06:22:03.661Z,MIM-T-patch-micro-tote-bag,CREATED,gid://shopify/Product/7986501353562,Patch Micro Tote Bag,gid://shopify/Product/7986455937114|gid://shopify/Product/7986456100954,patch-micro-tote-bag-60292384-3718|patch-micro-tote-bag-60292385-9621,CONSOLIDATED_SOURCE_PARENTS=gid://shopify/Product/7986501353562|gid://shopify/Product/7986501484634 REUSED_PARENT=gid://shopify/Product/7986501353562
2026-09-04T06:22:53.223Z,MIM-T-patch-mini-tote-bag,CREATED,gid://shopify/Product/7986380210266,Patch Mini Tote Bag,gid://shopify/Product/7986154143834|gid://shopify/Product/7986105581658|gid://shopify/Product/7986105745498|gid://shopify/Product/7986115280986|gid://shopify/Product/7986124161114|gid://shopify/Product/7986124587098|gid://shopify/Product/7986138087514|gid://shopify/Product/7986139824218|gid://shopify/Product/7986141659226|gid://shopify/Product/7986154340442|gid://shopify/Product/7986164334682|gid://shopify/Product/7986183405658|gid://shopify/Product/7986184192090|gid://shopify/Product/7986454954074|gid://shopify/Product/7986455281754,patch-mini-tote-bag-60299612-974|patch-mini-tote-bag-60299613-1951|patch-mini-tote-bag-60306520-6|patch-mini-tote-bag-60307932-598|patch-mini-tote-bag-60308003-3024|patch-mini-tote-bag-60309191-459|patch-mini-tote-bag-60309636-2683|patch-mini-tote-bag-60310178-202|patch-mini-tote-bag-60312075-1|patch-mini-tote-bag-60312076-332|patch-mini-tote-bag-60313619-657|patch-mini-tote-bag-60314873-1421|patch-mini-tote-bag-60314875-115|patch-mini-tote-bag-60292358-9621|patch-mini-tote-bag-60292360-3718,CONSOLIDATED_SOURCE_PARENTS=gid://shopify/Product/7986344558682|gid://shopify/Product/7986344689754|gid://shopify/Product/7986348720218|gid://shopify/Product/7986356256858|gid://shopify/Product/7986356420698|gid://shopify/Product/7986366742618|gid://shopify/Product/7986370838618|gid://shopify/Product/7986369396826|gid://shopify/Product/7986380210266|gid://shopify/Product/7986380308570|gid://shopify/Product/7986391253082|gid://shopify/Product/7986400723034|gid://shopify/Product/7986401017946|gid://shopify/Product/7986500304986|gid://shopify/Product/7986500665434 REUSED_PARENT=gid://shopify/Product/7986380210266
2026-09-04T06:23:34.798Z,MIM-T-patch-tote-bag,CREATED,gid://shopify/Product/7986383519834,Patch Tote Bag,gid://shopify/Product/7986158207066|gid://shopify/Product/7986105155674|gid://shopify/Product/7986105319514|gid://shopify/Product/7986115149914|gid://shopify/Product/7986124226650|gid://shopify/Product/7986124423258|gid://shopify/Product/7986137956442|gid://shopify/Product/7986139627610|gid://shopify/Product/7986141462618|gid://shopify/Product/7986157420634|gid://shopify/Product/7986164203610|gid://shopify/Product/7986181275738|gid://shopify/Product/7986184355930|gid://shopify/Product/7986454757466|gid://shopify/Product/7986455117914,patch-tote-bag-60299610-974|patch-tote-bag-60299611-1951|patch-tote-bag-60306519-6|patch-tote-bag-60308001-598|patch-tote-bag-60308002-3024|patch-tote-bag-60309190-459|patch-tote-bag-60309634-2683|patch-tote-bag-60310177-202|patch-tote-bag-60312074-332|patch-tote-bag-60312467-1|patch-tote-bag-60313618-657|patch-tote-bag-60314879-1421|patch-tote-bag-60314878-115|patch-tote-bag-60292357-9621|patch-tote-bag-60292359-3718,CONSOLIDATED_SOURCE_PARENTS=gid://shopify/Product/7986344231002|gid://shopify/Product/7986344394842|gid://shopify/Product/7986348589146|gid://shopify/Product/7986356027482|gid://shopify/Product/7986356191322|gid://shopify/Product/7986366578778|gid://shopify/Product/7986370707546|gid://shopify/Product/7986369232986|gid://shopify/Product/7986380079194|gid://shopify/Product/7986383519834|gid://shopify/Product/7986391089242|gid://shopify/Product/7986401345626|gid://shopify/Product/7986401181786|gid://shopify/Product/7986500141146|gid://shopify/Product/7986500436058 REUSED_PARENT=gid://shopify/Product/7986383519834
2026-09-04T06:23:46.065Z,MIM-T-poolparty-tote-bag,CREATED,gid://shopify/Product/7986515607642,Poolparty Tote Bag,gid://shopify/Product/7986470322266|gid://shopify/Product/7986470486106|gid://shopify/Product/7986479857754,poolparty-tote-bag-60300092-459|poolparty-tote-bag-60300096-115|poolparty-tote-bag-60301638-1,CONSOLIDATED_SOURCE_PARENTS=gid://shopify/Product/7986515607642|gid://shopify/Product/7986515804250|gid://shopify/Product/7986524455002 REUSED_PARENT=gid://shopify/Product/7986515607642
2026-09-04T06:23:52.414Z,MIM-T-prickly-pear-crossbody-bag,CREATED,gid://shopify/Product/7986310774874,Prickly Pear Crossbody Bag,gid://shopify/Product/7986070847578|gid://shopify/Product/7986071011418,prickly-pear-crossbody-bag-60287708-3637|prickly-pear-crossbody-bag-60287709-974,CONSOLIDATED_SOURCE_PARENTS=gid://shopify/Product/7986310774874|gid://shopify/Product/7986310938714 REUSED_PARENT=gid://shopify/Product/7986310774874
2026-09-04T06:23:57.509Z,MIM-T-prickly-pear-mini-tote-bag,CREATED,gid://shopify/Product/7986311168090,Prickly Pear Mini Tote Bag,gid://shopify/Product/7986071240794|gid://shopify/Product/7986071404634,prickly-pear-mini-tote-bag-60287712-3637|prickly-pear-mini-tote-bag-60287714-974,CONSOLIDATED_SOURCE_PARENTS=gid://shopify/Product/7986311168090|gid://shopify/Product/7986311331930 REUSED_PARENT=gid://shopify/Product/7986311168090
2026-09-04T06:24:02.653Z,MIM-T-puffy-nylon-crossbody-bag,CREATED,gid://shopify/Product/7986520719450,Puffy Nylon Crossbody Bag,gid://shopify/Product/7986475171930|gid://shopify/Product/7986475335770,puffy-nylon-crossbody-bag-60300863-1|puffy-nylon-crossbody-bag-60300864-2155,CONSOLIDATED_SOURCE_PARENTS=gid://shopify/Product/7986520719450|gid://shopify/Product/7986520752218 REUSED_PARENT=gid://shopify/Product/7986520719450
2026-09-04T06:24:09.204Z,MIM-T-rockbird-fringe-shoulder-bag,CREATED,gid://shopify/Product/7986384928858,Rockbird Fringe Shoulder Bag,gid://shopify/Product/7986156077146|gid://shopify/Product/7986156273754,rockbird-fringe-shoulder-bag-60312168-1|rockbird-fringe-shoulder-bag-60312169-6697,CONSOLIDATED_SOURCE_PARENTS=gid://shopify/Product/7986384928858|gid://shopify/Product/7986385125466 REUSED_PARENT=gid://shopify/Product/7986384928858
2026-09-04T06:24:13.919Z,MIM-T-serenity-carry-all-tote-bag,CREATED,gid://shopify/Product/7986285740122,Serenity Carry All Tote Bag,gid://shopify/Product/7986039423066|gid://shopify/Product/7986039619674,serenity-carry-all-tote-bag-60270567-1492|serenity-carry-all-tote-bag-60270573-448,CONSOLIDATED_SOURCE_PARENTS=gid://shopify/Product/7986285740122|gid://shopify/Product/7986285871194 REUSED_PARENT=gid://shopify/Product/7986285740122
2026-09-04T06:24:18.728Z,MIM-T-serenity-gym-bag,CREATED,gid://shopify/Product/7986267521114,Serenity Gym Bag,gid://shopify/Product/7986019958874|gid://shopify/Product/7986040307802,serenity-gym-bag-60252206-1492|serenity-gym-bag-60270586-2351,CONSOLIDATED_SOURCE_PARENTS=gid://shopify/Product/7986267521114|gid://shopify/Product/7986286395482 REUSED_PARENT=gid://shopify/Product/7986267521114
2026-09-04T06:24:23.957Z,MIM-T-serenity-packable-backpack,CREATED,gid://shopify/Product/7986265555034,Serenity Packable Backpack,gid://shopify/Product/7986018156634|gid://shopify/Product/7986021171290,serenity-packable-backpack-60250372-9966|serenity-packable-backpack-60250371-1,CONSOLIDATED_SOURCE_PARENTS=gid://shopify/Product/7986265555034|gid://shopify/Product/7986268471386 REUSED_PARENT=gid://shopify/Product/7986265555034
2026-09-04T06:24:32.658Z,MIM-T-siena-bucket-bag,CREATED,gid://shopify/Product/7986404065370,Siena Bucket Bag,gid://shopify/Product/7986184159322|gid://shopify/Product/7986184323162|gid://shopify/Product/7986184421466,siena-bucket-bag-60314946-974|siena-bucket-bag-60314947-115|siena-bucket-bag-60314948-1,CONSOLIDATED_SOURCE_PARENTS=gid://shopify/Product/7986404065370|gid://shopify/Product/7986404196442|gid://shopify/Product/7986404360282 REUSED_PARENT=gid://shopify/Product/7986404065370
2026-09-04T06:24:37.057Z,MIM-T-solace-crescent-shoulder-bag,CREATED,gid://shopify/Product/7986528551002,Solace Crescent Shoulder Bag,gid://shopify/Product/7986485067866|gid://shopify/Product/7986485231706,solace-crescent-shoulder-bag-60303248-1|solace-crescent-shoulder-bag-60303249-8745,CONSOLIDATED_SOURCE_PARENTS=gid://shopify/Product/7986528551002|gid://shopify/Product/7986528714842 REUSED_PARENT=gid://shopify/Product/7986528551002
2026-09-04T06:24:44.944Z,MIM-T-solar-shoulder-bag,CREATED,gid://shopify/Product/7986340954202,Solar Shoulder Bag,gid://shopify/Product/7986100273242|gid://shopify/Product/7986472288346|gid://shopify/Product/7986472616026,solar-shoulder-bag-60299120-6522|solar-shoulder-bag-60296861-9082|solar-shoulder-bag-60296864-459,CONSOLIDATED_SOURCE_PARENTS=gid://shopify/Product/7986340954202|gid://shopify/Product/7986518130778|gid://shopify/Product/7986518556762 REUSED_PARENT=gid://shopify/Product/7986340954202
2026-09-04T06:24:56.616Z,MIM-T-squad-crossbody-bag,CREATED,gid://shopify/Product/7986371067994,Squad Crossbody Bag,gid://shopify/Product/7986139758682|gid://shopify/Product/7986139922522|gid://shopify/Product/7986140086362|gid://shopify/Product/7986193236058,squad-crossbody-bag-60309346-1|squad-crossbody-bag-60309347-598|squad-crossbody-bag-60309348-982|squad-crossbody-bag-60317944-234,CONSOLIDATED_SOURCE_PARENTS=gid://shopify/Product/7986371067994|gid://shopify/Product/7986371231834|gid://shopify/Product/7986371362906|gid://shopify/Product/7986411503706 REUSED_PARENT=gid://shopify/Product/7986371067994
2026-09-04T06:25:15.764Z,MIM-T-squad-tote-bag,CREATED,gid://shopify/Product/7986369331290,Squad Tote Bag,gid://shopify/Product/7986141724762|gid://shopify/Product/7986141921370|gid://shopify/Product/7986193072218|gid://shopify/Product/7986201395290,squad-tote-bag-60310219-1|squad-tote-bag-60310220-982|squad-tote-bag-60317942-234|squad-tote-bag-60318206-602,CONSOLIDATED_SOURCE_PARENTS=gid://shopify/Product/7986369331290|gid://shopify/Product/7986369527898|gid://shopify/Product/7986411372634|gid://shopify/Product/7986416418906 REUSED_PARENT=gid://shopify/Product/7986369331290
2026-09-04T06:25:25.595Z,MIM-T-stevie-crossbody-bag,CREATED,gid://shopify/Product/7986299732058,Stevie Crossbody Bag,gid://shopify/Product/7986053808218|gid://shopify/Product/7986054004826|gid://shopify/Product/7986058526810,stevie-crossbody-bag-60281095-974|stevie-crossbody-bag-60281098-3637|stevie-crossbody-bag-60283852-2683,CONSOLIDATED_SOURCE_PARENTS=gid://shopify/Product/7986299732058|gid://shopify/Product/7986299895898|gid://shopify/Product/7986304155738 REUSED_PARENT=gid://shopify/Product/7986299732058
2026-09-04T06:25:41.262Z,MIM-T-stevie-micro-tote-crossbody-bag,CREATED,gid://shopify/Product/7986304024666,Stevie Micro Tote Crossbody Bag,gid://shopify/Product/7986058395738|gid://shopify/Product/7986066325594|gid://shopify/Product/7986071863386|gid://shopify/Product/7986077630554|gid://shopify/Product/7986081464410,stevie-micro-tote-crossbody-bag-60283849-2683|stevie-micro-tote-crossbody-bag-60286112-448|stevie-micro-tote-crossbody-bag-60287796-901|stevie-micro-tote-crossbody-bag-60290068-7770|stevie-micro-tote-crossbody-bag-60290598-8916,CONSOLIDATED_SOURCE_PARENTS=gid://shopify/Product/7986304024666|gid://shopify/Product/7986310152282|gid://shopify/Product/7986311659610|gid://shopify/Product/7986316673114|gid://shopify/Product/7986323292250 REUSED_PARENT=gid://shopify/Product/7986304024666
2026-09-04T06:25:48.149Z,MIM-T-stevie-mini-tote-bag,CREATED,gid://shopify/Product/7986304221274,Stevie Mini Tote Bag,gid://shopify/Product/7986058690650|gid://shopify/Product/7986078187610|gid://shopify/Product/7986083823706,stevie-mini-tote-bag-60283855-2683|stevie-mini-tote-bag-60290081-7745|stevie-mini-tote-bag-60291712-8916,CONSOLIDATED_SOURCE_PARENTS=gid://shopify/Product/7986304221274|gid://shopify/Product/7986317131866|gid://shopify/Product/7986322047066 REUSED_PARENT=gid://shopify/Product/7986304221274
2026-09-04T06:25:57.123Z,MIM-T-stevie-tote-bag,CREATED,gid://shopify/Product/7986304286810,Stevie Tote Bag,gid://shopify/Product/7986058887258|gid://shopify/Product/7986071634010|gid://shopify/Product/7986081988698,stevie-tote-bag-60283858-2683|stevie-tote-bag-60287791-901|stevie-tote-bag-60291325-459,CONSOLIDATED_SOURCE_PARENTS=gid://shopify/Product/7986304286810|gid://shopify/Product/7986311495770|gid://shopify/Product/7986323816538 REUSED_PARENT=gid://shopify/Product/7986304286810
2026-09-04T06:26:03.074Z,MIM-T-sundowner-clutch-bag,CREATED,gid://shopify/Product/7986519015514,Sundowner Clutch Bag,gid://shopify/Product/7986472943706|gid://shopify/Product/7986473074778,sundowner-clutch-bag-60299891-100|sundowner-clutch-bag-60299893-3637,CONSOLIDATED_SOURCE_PARENTS=gid://shopify/Product/7986519015514|gid://shopify/Product/7986519179354 REUSED_PARENT=gid://shopify/Product/7986519015514
2026-09-04T06:26:07.784Z,MIM-T-sundowner-large-tote-bag,CREATED,gid://shopify/Product/7986341806170,Sundowner Large Tote Bag,gid://shopify/Product/7986105811034|gid://shopify/Product/7986474123354,sundowner-large-tote-bag-60299442-3637|sundowner-large-tote-bag-60300215-100,CONSOLIDATED_SOURCE_PARENTS=gid://shopify/Product/7986341806170|gid://shopify/Product/7986518949978 REUSED_PARENT=gid://shopify/Product/7986341806170
2026-09-04T06:26:13.017Z,MIM-T-sundowner-tote-bag,CREATED,gid://shopify/Product/7986518753370,Sundowner Tote Bag,gid://shopify/Product/7986472714330|gid://shopify/Product/7986472812634,sundowner-tote-bag-60299889-3637|sundowner-tote-bag-60299890-100,CONSOLIDATED_SOURCE_PARENTS=gid://shopify/Product/7986518753370|gid://shopify/Product/7986518851674 REUSED_PARENT=gid://shopify/Product/7986518753370
2026-09-04T06:26:17.922Z,MIM-T-sutton-mini-tote-bag,CREATED,gid://shopify/Product/7986414551130,Sutton Mini Tote Bag,gid://shopify/Product/7986197233754|gid://shopify/Product/7986197430362,sutton-mini-tote-bag-60318077-1|sutton-mini-tote-bag-60318078-203,CONSOLIDATED_SOURCE_PARENTS=gid://shopify/Product/7986414551130|gid://shopify/Product/7986414714970 REUSED_PARENT=gid://shopify/Product/7986414551130
2026-09-04T06:26:22.960Z,MIM-T-sutton-tote-bag,CREATED,gid://shopify/Product/7986414288986,Sutton Tote Bag,gid://shopify/Product/7986196906074|gid://shopify/Product/7986197069914,sutton-tote-bag-60318075-1|sutton-tote-bag-60318076-203,CONSOLIDATED_SOURCE_PARENTS=gid://shopify/Product/7986414288986|gid://shopify/Product/7986414452826 REUSED_PARENT=gid://shopify/Product/7986414288986
2026-09-04T06:26:35.082Z,MIM-T-the-2004-mini-hobo-bag,CREATED,gid://shopify/Product/7986508365914,The 2004 Mini Hobo Bag,gid://shopify/Product/7986462785626|gid://shopify/Product/7986467536986|gid://shopify/Product/7986467668058|gid://shopify/Product/7986468585562,the-2004-mini-hobo-bag-60295930-1|the-2004-mini-hobo-bag-60295689-459|the-2004-mini-hobo-bag-60295690-7700|the-2004-mini-hobo-bag-60300505-705,CONSOLIDATED_SOURCE_PARENTS=gid://shopify/Product/7986508365914|gid://shopify/Product/7986513870938|gid://shopify/Product/7986513936474|gid://shopify/Product/7986520490074 REUSED_PARENT=gid://shopify/Product/7986508365914
2026-09-04T06:26:43.727Z,MIM-T-the-clutch-bag,CREATED,gid://shopify/Product/7986329583706,The Clutch Bag,gid://shopify/Product/7986089754714|gid://shopify/Product/7986089951322|gid://shopify/Product/7986090115162,the-clutch-bag-60297199-1|the-clutch-bag-60297200-459|the-clutch-bag-60297201-901,CONSOLIDATED_SOURCE_PARENTS=gid://shopify/Product/7986329583706|gid://shopify/Product/7986329714778|gid://shopify/Product/7986329878618 REUSED_PARENT=gid://shopify/Product/7986329583706
2026-09-04T06:28:25.429Z,MIM-T-the-stage-crossbody-bag,FAILED,gid://shopify/Product/7986355404890,The Stage Crossbody Bag,,the-stage-crossbody-bag-60307926-321|the-stage-crossbody-bag-60307927-1421|the-stage-crossbody-bag-60309185-9466|the-stage-crossbody-bag-60300850-3637|the-stage-crossbody-bag-60300851-126|the-stage-crossbody-bag-60300852-3368,fetch failed
2026-09-04T06:28:35.672Z,MIM-T-the-stage-phone-bag,FAILED,gid://shopify/Product/7986349473882,The Stage Phone Bag,,the-stage-phone-bag-60306088-3637|the-stage-phone-bag-60306089-126|the-stage-phone-bag-60306090-3368|the-stage-phone-bag-60307929-321|the-stage-phone-bag-60309186-9466|the-stage-phone-bag-60314730-1421,fetch failed
2026-09-04T06:28:46.175Z,MIM-T-the-stage-sling-crossbody-bag,FAILED,gid://shopify/Product/7986520424538,The Stage Sling Crossbody Bag,,the-stage-sling-crossbody-bag-60300853-3368|the-stage-sling-crossbody-bag-60300855-126|the-stage-sling-crossbody-bag-60300856-3637,fetch failed
2026-09-04T06:28:56.681Z,MIM-T-utility-tote-bag,FAILED,gid://shopify/Product/7986324078682,Utility Tote Bag,,utility-tote-bag-60291087-3637|utility-tote-bag-60292292-7700,fetch failed
2026-09-04T06:29:07.185Z,MIM-T-vacation-tote-bag,FAILED,gid://shopify/Product/7986298683482,Vacation Tote Bag,,vacation-tote-bag-60281074-974|vacation-tote-bag-60281075-8813|vacation-tote-bag-60281076-3637,fetch failed
2026-09-04T06:29:17.689Z,MIM-T-vista-mini-tote-bag,FAILED,gid://shopify/Product/7986272731226,Vista Mini Tote Bag,,vista-mini-tote-bag-60255327-9432|vista-mini-tote-bag-60258699-9961,fetch failed
2026-09-04T06:29:28.196Z,MIM-T-whimsy-day-bag,FAILED,gid://shopify/Product/7986347507802,Whimsy Day Bag,,whimsy-day-bag-60306006-3637|whimsy-day-bag-60306007-9013,fetch failed
2026-09-04T06:29:38.539Z,MIM-T-whimsy-shoulder-bag,FAILED,gid://shopify/Product/7986347868250,Whimsy Shoulder Bag,,whimsy-shoulder-bag-60306009-3637|whimsy-shoulder-bag-60306010-9013|whimsy-shoulder-bag-60306012-686|whimsy-shoulder-bag-60314280-2867|whimsy-shoulder-bag-60314281-101,fetch failed
2026-09-04T06:29:54.092Z,MIM-T-yasmine-crossbody-bag,CREATED,gid://shopify/Product/7986360647770,Yasmine Crossbody Bag,gid://shopify/Product/7986125504602|gid://shopify/Product/7986126454874|gid://shopify/Product/7986126913626|gid://shopify/Product/7986139529306|gid://shopify/Product/7986139725914,yasmine-crossbody-bag-60308057-1|yasmine-crossbody-bag-60308062-202|yasmine-crossbody-bag-60308065-9439|yasmine-crossbody-bag-60310189-1421|yasmine-crossbody-bag-60310190-9404,CONSOLIDATED_SOURCE_PARENTS=gid://shopify/Product/7986360647770|gid://shopify/Product/7986361401434|gid://shopify/Product/7986358485082|gid://shopify/Product/7986370969690|gid://shopify/Product/7986371166298 REUSED_PARENT=gid://shopify/Product/7986360647770
