handle,title,product_type,status
juxtapose-barette-hair-clip-60251406-277,Juxtapose Barette Hair Clip,Hair,ACTIVE
mim-locks-hair-clip-60251510-2936,Mim-Locks Hair Clip,Hair,ACTIVE
saint-lucia-ribbon-tie-60247101-9900,Saint Lucia Ribbon Tie,Hair,DRAFT
panama-hair-scarf-scrunchie-60247104-1,Panama Hair Scarf Scrunchie,Hair,DRAFT
mim-mane-hair-clip-60246475-2003,Mim-Mane Hair Clip,Hair,ACTIVE
mim-locks-hair-clip-60252859-9935,Mim-Locks Hair Clip,Hair,ACTIVE
calla-headband-60246306-9832,Calla Headband,Hair,ACTIVE
posy-hair-scarf-60253868-1,Posy Hair Scarf,Hair,ACTIVE
twirl-hair-clip-60260812-9498,Twirl Hair Clip,Hair,ACTIVE
disco-hair-clip-set-60260949-84,Disco Hair Clip Set,Hair,ACTIVE
miss-mim-hair-clip-60266327-1085,Miss Mim Hair Clip,Hair,ACTIVE
miss-mim-concord-hair-clip-60263675-1505,Miss Mim Concord Hair Clip,Hair,ACTIVE
miss-mim-concord-hair-clip-60263676-1085,Miss Mim Concord Hair Clip,Hair,ACTIVE
miss-mim-claw-hair-clip-60263677-1505,Miss Mim Claw Hair Clip,Hair,ACTIVE
miss-mim-hair-clip-60265888-242,Miss Mim Hair Clip,Hair,ACTIVE
miss-mim-claw-hair-clip-60263678-1085,Miss Mim Claw Hair Clip,Hair,ACTIVE
miss-mim-hair-claw-60265895-242,Miss Mim Hair Claw,Hair,ACTIVE
miss-mim-mini-claw-hair-clip-60263679-1505,Miss Mim Mini Claw Hair Clip,Hair,ACTIVE
miss-mim-mini-claw-hair-clip-60263680-1085,Miss Mim Mini Claw Hair Clip,Hair,DRAFT
frond-hair-clip-set-60265943-8941,Frond Hair Clip Set,Hair,ACTIVE
miss-mim-hair-clip-60267252-969,Miss Mim Hair Clip,Hair,ACTIVE
miss-mim-claw-hair-clip-60267260-9841,Miss Mim Claw Hair Clip,Hair,ACTIVE
ringlet-hair-pony-set-60267266-901,Ringlet Hair Pony Set,Hair,ACTIVE
ringlet-hair-pony-set-60267267-908,Ringlet Hair Pony Set,Hair,ACTIVE
miss-mim-hair-clip-60267298-9841,Miss Mim Hair Clip,Hair,ACTIVE
mim-twist-hair-pony-set-60267300-901,Mim-Twist Hair Pony Set,Hair,ACTIVE
mim-twist-hair-scrunchie-set-60267302-1,Mim-Twist Hair Scrunchie Set,Hair,DRAFT
innate-hair-clip-60267205-9855,Innate Hair Clip,Hair,ACTIVE
mim-twist-hair-scrunchie-set-60267303-969,Mim-Twist Hair Scrunchie Set,Hair,ACTIVE
paradise-hair-clip-set-60271361-9573,Paradise Hair Clip Set,Hair,ACTIVE
mim-twist-hair-scrunchie-set-60271363-3010,Mim-Twist Hair Scrunchie Set,Hair,ACTIVE
heirloom-hair-scarf-scrunchie-60273871-100,Heirloom Hair Scarf Scrunchie,Hair,ACTIVE
botanic-hair-scarf-scrunchie-60273872-9475,Botanic Hair Scarf Scrunchie,Hair,ACTIVE
forget-me-not-ribbon-hair-tie-60273874-100,Forget Me Not Ribbon Hair Tie,Hair,ACTIVE
miss-mim-mini-claw-hair-clip-60274188-8924,Miss Mim Mini Claw Hair Clip,Hair,ACTIVE
miss-mim-extra-large-claw-hair-clip-60274233-84,Miss Mim Extra Large Claw Hair Clip,Hair,ACTIVE
miss-mim-claw-hair-clip-60274240-1,Miss Mim Claw Hair Clip,Hair,ACTIVE
miss-mim-claw-hair-clip-60274242-84,Miss Mim Claw Hair Clip,Hair,DRAFT
miss-mim-extra-large-claw-hair-clip-60275364-1,Miss Mim Extra Large Claw Hair Clip,Hair,DRAFT
laika-hair-tie-60297082-908,Laika Hair Tie,Hair,DRAFT
moonrise-hair-tie-60297083-908,Moonrise Hair Tie - Gold,Hair,DRAFT
cool-cat-hair-tie-60298291-908,Cool Cat Hair Tie,Hair,DRAFT
one-way-or-another-hair-pin-set-60299132-84,One Way or Another Hair Pin Set,Hair,DRAFT
sensation-hair-tie-set-60299568-1,Sensation Hair Tie Set,Hair,ACTIVE
on-the-rocks-hair-pin-set-60299632-908,On the Rocks Hair Pin Set,Hair,DRAFT
on-the-rocks-hair-pin-set-60299633-901,On the Rocks Hair Pin Set,Hair,DRAFT
dazzle-headband-60304157-416,Dazzle Headband,Hair,DRAFT
dazzle-headband-60304158-901,Dazzle Headband,Hair,DRAFT
dazzle-scrunchie-60304159-416,Dazzle Scrunchie,Hair,DRAFT
one-way-hair-band-60307882-84,One Way Hair Band,Hair,DRAFT
just-say-bow-scrunchie-60307757-1,Just Say Bow Scrunchie,Hair,DRAFT
just-say-bow-scrunchie-60307758-686,Just Say Bow Scrunchie,Hair,ACTIVE
charming-hair-tie-set-60308242-1,Charming Hair Tie Set,Hair,DRAFT
sensation-hair-tie-set-60308698-2350,Sensation Hair Tie Set,Hair,ACTIVE
mischa-scunchie-60309509-1,Mischa Scunchie - Black,Hair,DRAFT
leopard-thin-scarf-60309454-611,Leopard Thin Scarf,Hair,ACTIVE
leopard-square-scarf-60309455-611,Leopard Square Scarf,Hair,ACTIVE
ribbon-scrunchie-60309456-1,Ribbon Scrunchie,Hair,ACTIVE
leopard-scrunchie-60309457-1421,Leopard Scrunchie,Hair,ACTIVE
ball-scrunchie-60309458-611,Ball Scrunchie,Hair,DRAFT
sorrowful-heart-hair-clip-60309460-1,Sorrowful Heart Hair Clip,Hair,DRAFT
beaded-prl-hair-tie-60310853-908,Beaded Prl Hair Tie - Gold,Hair,DRAFT
beaded-prl-hair-tie-60310854-9570,Beaded Prl Hair Tie - Rose Gold,Hair,DRAFT
multi-heart-hair-tie-60310856-9570,Multi Heart Hair Tie - Rose Gold,Hair,DRAFT
multi-heart-hair-tie-60310857-908,Multi Heart Hair Tie - Gold,Hair,DRAFT
zebra-scrunchie-60313782-9573,Zebra Scrunchie,Hair,ACTIVE
zebra-square-scarf-60313783-9573,Zebra Square Scarf,Hair,ACTIVE
zebra-thin-scarf-60313784-9573,Zebra Thin Scarf,Hair,ACTIVE
undersea-hair-tie-set-60313789-657,Undersea Hair Tie Set,Hair,ACTIVE
make-a-bow-hair-tie-60313791-1,Make a Bow Hair Tie,Hair,DRAFT
make-a-bow-hair-tie-60313792-7658,Make a Bow Hair Tie,Hair,ACTIVE
sparkle-up-hair-tie-60313992-1625,Sparkle Up Hair Tie,Hair,ACTIVE
lovely-hair-comb-keyring-60314024-1357,Lovely Hair Comb Keyring,Hair,ACTIVE
lovely-hair-comb-keyring-60314025-657,Lovely Hair Comb Keyring,Hair,ACTIVE
flower-hair-clip-set-60313933-908,Flower Hair Clip Set,Hair,ACTIVE
crystal-flower-hair-clip-60313934-84,Crystal Flower Hair Clip,Hair,DRAFT
lovely-hair-tie-set-60314033-657,Lovely Hair Tie Set,Hair,ACTIVE
lovely-hair-tie-set-60314034-1,Lovely Hair Tie Set,Hair,ACTIVE
glam-bow-hair-barrette-60313988-1,Glam Bow Hair Barrette,Hair,ACTIVE
glam-bow-hair-barrette-60313989-1625,Glam Bow Hair Barrette,Hair,ACTIVE
queen-bow-hair-barrette-60314038-1,Queen Bow Hair Barrette,Hair,ACTIVE
pearly-hair-tie-60313990-84,Pearly Hair Tie,Hair,ACTIVE
queen-bow-hair-barrette-60314039-126,Queen Bow Hair Barrette,Hair,DRAFT
fold-hair-tie-60313991-908,Fold Hair Tie,Hair,ACTIVE
on-fleek-scrunchie-60314042-1,On Fleek Scrunchie,Hair,ACTIVE
lovely-hair-tie-set-60314528-101,Lovely Hair Tie Set,Hair,ACTIVE
mimco-mini-hair-claw-clip-60314529-4155,Mimco Mini Hair Claw Clip,Hair,ACTIVE
mimco-mega-hair-claw-clip-60314043-1357,Mimco Mega Hair Claw Clip,Hair,ACTIVE
mimco-mega-hair-claw-clip-60314044-1,Mimco Mega Hair Claw Clip,Hair,ACTIVE
mimco-trio-hair-clip-set-60314530-3510,Mimco Trio Hair Clip Set,Hair,ACTIVE
lovely-hair-comb-keyring-60314532-101,Lovely Hair Comb Keyring,Hair,ACTIVE
lovely-hair-comb-keyring-60314533-4155,Lovely Hair Comb Keyring,Hair,ACTIVE
ball-scrunchie-60314535-657,Ball Scrunchie,Hair,ACTIVE
mimco-middy-hair-claw-clip-60314047-1,Mimco Middy Hair Claw Clip,Hair,ACTIVE
mimco-middy-hair-claw-clip-60314048-1357,Mimco Middy Hair Claw Clip,Hair,ACTIVE
ball-scrunchie-60314537-4155,Ball Scrunchie,Hair,ACTIVE
mimco-middy-hair-claw-clip-60314050-84,Mimco Middy Hair Claw Clip,Hair,ACTIVE
mimco-mini-hair-claw-clip-60314061-657,Mimco Mini Hair Claw Clip,Hair,ACTIVE
pearly-hair-clip-set-60314066-1,Pearly Hair Clip Set,Hair,ACTIVE
lovely-hair-tie-set-60314527-4155,Lovely Hair Tie Set,Hair,ACTIVE
polka-square-scarf-60314650-7658,Polka Square Scarf,Hair,ACTIVE
polka-dot-thin-scarf-60314651-7658,Polka Dot Thin Scarf,Hair,ACTIVE
polka-dot-scrunchie-60314656-7658,Polka Dot Scrunchie,Hair,ACTIVE
undersea-bandana-60314659-639,Undersea Bandana,Hair,ACTIVE
undersea-hair-tie-set-60314664-7658,Undersea Hair Tie Set,Hair,ACTIVE
charm-scrunchie-60315847-7658,Charm Scrunchie,Hair,DRAFT
charm-scrunchie-60315849-126,Charm Scrunchie,Hair,ACTIVE
in-love-hair-claw-clip-60316623-174,In Love Hair Claw Clip,Hair,ACTIVE
in-love-hair-claw-clip-60316455-84,In Love Hair Claw Clip,Hair,ACTIVE
in-love-hair-claw-clip-60316624-6012,In Love Hair Claw Clip,Hair,ACTIVE
duo-zebra-large-scarf-60316652-200,Duo Zebra Large Scarf,Hair,ACTIVE
in-love-square-scarf-60316653-6121,In Love Square Scarf,Hair,ACTIVE
spotted-scrunchie-60316654-2683,Spotted Scrunchie,Hair,ACTIVE
lovely-hair-set-60317435-6012,Lovely Hair Set,Hair,DRAFT
in-love-hair-tie-60316743-657,In Love Hair Tie,Hair,ACTIVE
cherry-in-hair-claw-clip-60316745-84,Cherry in Hair Claw Clip,Hair,ACTIVE
sugar-scrunchie-60316772-6121,Sugar Scrunchie,Hair,ACTIVE
in-love-scrunchie-60316780-6121,In Love Scrunchie,Hair,ACTIVE
cherry-in-hair-tie-60316984-178,Cherry in Hair Tie,Hair,ACTIVE
bejewel-scrunchie-60316733-124,Bejewel Scrunchie,Hair,ACTIVE
lover-hair-tie-60317809-1,Lover Hair Tie,Hair,ACTIVE
bejewel-scrunchie-60316739-1,Bejewel Scrunchie,Hair,ACTIVE
in-love-hair-tie-60317396-1357,In Love Hair Tie,Hair,ACTIVE
lover-hair-tie-60317810-6121,Lover Hair Tie,Hair,ACTIVE
heart-hair-comb-mirror-60317434-6121,Heart Hair Comb Mirror,Hair,ACTIVE
lover-hair-tie-60318204-6012,Lover Hair Tie,Hair,ACTIVE
ocelot-hair-tie-60318205-1357,Ocelot Hair Tie,Hair,ACTIVE
zeleie-thin-scarf-60319175-9573,Zeleie Thin Scarf,Hair,ACTIVE
zeleie-square-scarf-60319176-9573,Zeleie Square Scarf,Hair,ACTIVE
ocelot-thin-scarf-60319178-9573,Ocelot Thin Scarf,Hair,ACTIVE
ocelot-large-scarf-60319179-9573,Ocelot Large Scarf,Hair,ACTIVE
dylan-scrunchie-60319180-666,Dylan Scrunchie,Hair,ACTIVE
lady-m-hair-tie-60319334-113,Lady M Hair Tie,Hair,ACTIVE
lovely-hair-comb-keyring-60319335-84,Lovely Hair Comb Keyring,Hair,ACTIVE
marguerite-claw-clip-set-60319368-1,Marguerite Claw Clip Set,Hair,ACTIVE
marguerite-claw-clip-set-60319392-84,Marguerite Claw Clip Set,Hair,ACTIVE
marguerite-large-claw-clip-60319395-84,Marguerite Large Claw Clip,Hair,ACTIVE
mimco-large-polka-scarf-60319436-9573,Mimco Large Polka Scarf,Hair,ACTIVE
mim-bandana-scarf-60319437-413,Mim Bandana Scarf,Hair,ACTIVE
pearly-hair-set-60319400-6012,Pearly Hair Set,Hair,ACTIVE
westlyn-hair-tie-60319363-908,Westlyn Hair Tie,Hair,ACTIVE
linked-hair-tie-set-60319364-9573,Linked Hair Tie Set,Hair,ACTIVE
dylan-faux-fur-scarf-60320356-6012,Dylan Faux Fur Scarf,Hair,ACTIVE
charm-scrunchie-60319636-6012,Charm Scrunchie,Hair,ACTIVE
charm-scrunchie-60319637-657,Charm Scrunchie,Hair,ACTIVE
glinted-hair-tie-set-60322285-1,Glinted Hair Tie Set,Hair,ACTIVE
dizzy-dots-large-scarf-60321481-1,Dizzy Dots Large Scarf,Hair,ACTIVE
dizzy-dots-large-scarf-60321483-200,Dizzy Dots Large Scarf,Hair,ACTIVE
lucky-scrunchie-60322287-200,Lucky Scrunchie,Hair,ACTIVE
dizzy-dots-thin-scarf-60321486-1,Dizzy Dots Thin Scarf,Hair,ACTIVE
garden-hair-clip-set-60323086-3156,Garden Hair Clip Set,Hair,ACTIVE
dazzle-headband-60296234-901,Dazzle Headband,Hair,DRAFT
dazzle-headband-60296238-416,Dazzle Headband,Hair,DRAFT
groove-that-soothes-hair-tie-60302434-908,Groove That Soothes Hair Tie,Hair,DRAFT
groove-that-soothes-hair-tie-60302435-901,Groove That Soothes Hair Tie,Hair,ACTIVE
paris-quilted-hair-clip-set-60302685-7460,Paris Quilted Hair Clip Set,Hair,DRAFT
ruffle-headband-60302523-1,Ruffle Headband,Hair,DRAFT
grande-bow-scrunchie-60302524-1,Grande Bow Scrunchie,Hair,DRAFT
grande-ruffle-scrunchie-60302525-1,Grande Ruffle Scrunchie,Hair,DRAFT
starlite-bow-barette-60302527-1,Starlite Bow Barette,Hair,DRAFT
mimelements-large-scarf-60323943-9573,Mimelements Large Scarf,Hair,ACTIVE
mimelements-thin-scarf-60323944-9573,Mimelements Thin Scarf,Hair,ACTIVE
loop-de-loop-claw-60325342-1357,Loop De Loop Claw,Hair,DRAFT
loop-de-loop-claw-60325343-382,Loop De Loop Claw,Hair,DRAFT
mimette-concord-clip-60325344-84,Mimette Concord Clip,Hair,DRAFT
mimette-concord-clip-60325345-1,Mimette Concord Clip,Hair,DRAFT
marlow-flt-claw-clip-60325346-1357,Marlow Flt Claw Clip,Hair,DRAFT
marlow-flt-claw-clip-60325347-174,Marlow Flt Claw Clip,Hair,DRAFT
alina-alice-band-60325353-1357,Alina Alice Band,Hair,DRAFT
enlace-hair-pin-set-60323923-908,Enlace Hair Pin Set,Hair,ACTIVE
enlace-hair-clip-60323924-908,Enlace Hair Clip,Hair,ACTIVE
enlace-pony-hair-cuff-60323925-908,Enlace Pony Hair Cuff,Hair,ACTIVE
azealia-bead-hat-60325976-200,Azealia Bead Hat,Hair,DRAFT
azealia-bead-hat-60326026-2344,Azealia Bead Hat,Hair,DRAFT
chill-pin-set-60326460-4066,Chill Pin Set,Hair,DRAFT
chill-pin-set-60326461-993,Chill Pin Set,Hair,DRAFT
chill-pin-set-60326462-569,Chill Pin Set,Hair,DRAFT
isla-scarf-60326471-8782,Isla Scarf,Hair,DRAFT
karina-j-sqr-scarf-60327449-9573,Karina J Sqr Scarf,Hair,DRAFT
